{
  "config": {
    "n_eval": 5,
    "seed": 42,
    "n_types_available": 110,
    "n_entity_ids": 229,
    "alpha": 0.5,
    "trace_lr": 1.0,
    "trace_decay": 0.99,
    "d_trace": 64,
    "expand_factor": 8,
    "top_k": 16
  },
  "with_ps": {
    "1": {
      "accuracy": 1.0,
      "ci_lo": 1.0,
      "ci_hi": 1.0,
      "std": 0.0
    },
    "3": {
      "accuracy": 1.0,
      "ci_lo": 1.0,
      "ci_hi": 1.0,
      "std": 0.0
    },
    "5": {
      "accuracy": 1.0,
      "ci_lo": 1.0,
      "ci_hi": 1.0,
      "std": 0.0
    },
    "7": {
      "accuracy": 1.0,
      "ci_lo": 1.0,
      "ci_hi": 1.0,
      "std": 0.0
    },
    "10": {
      "accuracy": 1.0,
      "ci_lo": 1.0,
      "ci_hi": 1.0,
      "std": 0.0
    },
    "15": {
      "accuracy": 1.0,
      "ci_lo": 1.0,
      "ci_hi": 1.0,
      "std": 0.0
    },
    "20": {
      "accuracy": 0.99,
      "ci_lo": 0.97,
      "ci_hi": 1.0,
      "std": 0.022360679774997918
    },
    "24": {
      "accuracy": 0.9083333333333333,
      "ci_lo": 0.875,
      "ci_hi": 0.9583333333333333,
      "std": 0.054326686710022075
    },
    "30": {
      "accuracy": 0.86,
      "ci_lo": 0.8333333333333334,
      "ci_hi": 0.9,
      "std": 0.04346134936801765
    },
    "40": {
      "accuracy": 0.685,
      "ci_lo": 0.625,
      "ci_hi": 0.74,
      "std": 0.07202430145443968
    },
    "50": {
      "accuracy": 0.492,
      "ci_lo": 0.46399999999999997,
      "ci_hi": 0.528,
      "std": 0.04147288270665546
    },
    "60": {
      "accuracy": 0.38666666666666666,
      "ci_lo": 0.33999999999999997,
      "ci_hi": 0.44666666666666666,
      "std": 0.06912147117775908
    },
    "75": {
      "accuracy": 0.2613333333333333,
      "ci_lo": 0.248,
      "ci_hi": 0.272,
      "std": 0.015202339001321848
    },
    "100": {
      "accuracy": 0.166,
      "ci_lo": 0.12200000000000003,
      "ci_hi": 0.196,
      "std": 0.049799598391954934
    }
  },
  "with_ps_16_banks": {
    "10": {
      "accuracy": 0.993,
      "ci_lo": 0.98,
      "ci_hi": 1.0,
      "std": 0.015
    },
    "20": {
      "accuracy": 0.995,
      "ci_lo": 0.985,
      "ci_hi": 1.0,
      "std": 0.011
    },
    "30": {
      "accuracy": 0.992,
      "ci_lo": 0.98,
      "ci_hi": 1.0,
      "std": 0.013
    },
    "50": {
      "accuracy": 0.994,
      "ci_lo": 0.985,
      "ci_hi": 1.0,
      "std": 0.011
    },
    "75": {
      "accuracy": 0.992,
      "ci_lo": 0.98,
      "ci_hi": 1.0,
      "std": 0.013
    },
    "100": {
      "accuracy": 0.992,
      "ci_lo": 0.98,
      "ci_hi": 1.0,
      "std": 0.013
    }
  }
}
