{
  "config": {
    "n_eval": 20,
    "seed": 42,
    "n_types_available": 110,
    "n_entity_ids": 229,
    "alpha": 0.5,
    "trace_lr": 1.0,
    "trace_decay": 0.99,
    "d_trace": 64,
    "expand_factor": 8,
    "top_k": 16
  },
  "with_ps": {
    "1": {
      "accuracy": 1.0,
      "ci_lo": 1.0,
      "ci_hi": 1.0,
      "std": 0.0
    },
    "3": {
      "accuracy": 1.0,
      "ci_lo": 1.0,
      "ci_hi": 1.0,
      "std": 0.0
    },
    "5": {
      "accuracy": 1.0,
      "ci_lo": 1.0,
      "ci_hi": 1.0,
      "std": 0.0
    },
    "7": {
      "accuracy": 1.0,
      "ci_lo": 1.0,
      "ci_hi": 1.0,
      "std": 0.0
    },
    "10": {
      "accuracy": 1.0,
      "ci_lo": 1.0,
      "ci_hi": 1.0,
      "std": 0.0
    },
    "15": {
      "accuracy": 0.9933333333333333,
      "ci_lo": 0.9833333333333334,
      "ci_hi": 1.0,
      "std": 0.020519567041703077
    },
    "20": {
      "accuracy": 0.975,
      "ci_lo": 0.96,
      "ci_hi": 0.99,
      "std": 0.03441236008058427
    },
    "24": {
      "accuracy": 0.94375,
      "ci_lo": 0.9229166666666666,
      "ci_hi": 0.9645833333333333,
      "std": 0.0510757807587604
    },
    "30": {
      "accuracy": 0.8316666666666667,
      "ci_lo": 0.8,
      "ci_hi": 0.8633333333333333,
      "std": 0.07292951014707558
    },
    "40": {
      "accuracy": 0.67375,
      "ci_lo": 0.6487499999999999,
      "ci_hi": 0.69875,
      "std": 0.05875629865451829
    },
    "50": {
      "accuracy": 0.505,
      "ci_lo": 0.48,
      "ci_hi": 0.531,
      "std": 0.06048053188292995
    },
    "60": {
      "accuracy": 0.3616666666666667,
      "ci_lo": 0.33416666666666667,
      "ci_hi": 0.38916666666666666,
      "std": 0.06468547384317279
    },
    "75": {
      "accuracy": 0.246,
      "ci_lo": 0.22133333333333333,
      "ci_hi": 0.26866666666666666,
      "std": 0.056315734819889315
    },
    "100": {
      "accuracy": 0.15,
      "ci_lo": 0.1325,
      "ci_hi": 0.166,
      "std": 0.03906809170504344
    }
  },
  "without_ps": {
    "1": {
      "accuracy": 1.0,
      "ci_lo": 1.0,
      "ci_hi": 1.0,
      "std": 0.0
    },
    "3": {
      "accuracy": 1.0,
      "ci_lo": 1.0,
      "ci_hi": 1.0,
      "std": 0.0
    },
    "5": {
      "accuracy": 1.0,
      "ci_lo": 1.0,
      "ci_hi": 1.0,
      "std": 0.0
    },
    "7": {
      "accuracy": 0.9714285714285714,
      "ci_lo": 0.9428571428571428,
      "ci_hi": 0.9928571428571429,
      "std": 0.05862733440486597
    },
    "10": {
      "accuracy": 0.915,
      "ci_lo": 0.8800000000000001,
      "ci_hi": 0.95,
      "std": 0.08127277008872488
    },
    "15": {
      "accuracy": 0.7766666666666666,
      "ci_lo": 0.74,
      "ci_hi": 0.8099999999999999,
      "std": 0.08453519285131703
    },
    "20": {
      "accuracy": 0.585,
      "ci_lo": 0.5375,
      "ci_hi": 0.63,
      "std": 0.10772772696894117
    },
    "24": {
      "accuracy": 0.49166666666666664,
      "ci_lo": 0.4541666666666667,
      "ci_hi": 0.5333333333333333,
      "std": 0.09424212936563149
    },
    "30": {
      "accuracy": 0.30333333333333334,
      "ci_lo": 0.2733333333333333,
      "ci_hi": 0.33333333333333337,
      "std": 0.0700041769848174
    },
    "40": {
      "accuracy": 0.17375,
      "ci_lo": 0.14625,
      "ci_hi": 0.20249999999999999,
      "std": 0.06563204849365654
    },
    "50": {
      "accuracy": 0.125,
      "ci_lo": 0.10900000000000001,
      "ci_hi": 0.14100000000000001,
      "std": 0.037204979859096675
    },
    "60": {
      "accuracy": 0.07666666666666666,
      "ci_lo": 0.0625,
      "ci_hi": 0.09,
      "std": 0.03217277916652905
    },
    "75": {
      "accuracy": 0.044,
      "ci_lo": 0.036,
      "ci_hi": 0.052000000000000005,
      "std": 0.018905737239917286
    },
    "100": {
      "accuracy": 0.0345,
      "ci_lo": 0.027000000000000003,
      "ci_hi": 0.0435,
      "std": 0.019594574974238475
    }
  }
}