{
  "config": {
    "n_eval": 20,
    "seed": 42,
    "n_types": 110,
    "n_entities": 229
  },
  "with_ps": {
    "1": {
      "accuracy": 1.0,
      "ci_lo": 1.0,
      "ci_hi": 1.0,
      "std": 0.0
    },
    "3": {
      "accuracy": 1.0,
      "ci_lo": 1.0,
      "ci_hi": 1.0,
      "std": 0.0
    },
    "5": {
      "accuracy": 1.0,
      "ci_lo": 1.0,
      "ci_hi": 1.0,
      "std": 0.0
    },
    "7": {
      "accuracy": 1.0,
      "ci_lo": 1.0,
      "ci_hi": 1.0,
      "std": 0.0
    },
    "10": {
      "accuracy": 1.0,
      "ci_lo": 1.0,
      "ci_hi": 1.0,
      "std": 0.0
    },
    "15": {
      "accuracy": 1.0,
      "ci_lo": 1.0,
      "ci_hi": 1.0,
      "std": 0.0
    },
    "20": {
      "accuracy": 0.9925,
      "ci_lo": 0.985,
      "ci_hi": 1.0,
      "std": 0.018317377426626178
    },
    "24": {
      "accuracy": 0.98125,
      "ci_lo": 0.9666666666666666,
      "ci_hi": 0.99375,
      "std": 0.03163144393817702
    },
    "30": {
      "accuracy": 0.96,
      "ci_lo": 0.9433333333333334,
      "ci_hi": 0.9766666666666668,
      "std": 0.03838859479749571
    },
    "40": {
      "accuracy": 0.8775,
      "ci_lo": 0.85875,
      "ci_hi": 0.89625,
      "std": 0.04284304279331095
    },
    "50": {
      "accuracy": 0.784,
      "ci_lo": 0.765,
      "ci_hi": 0.8029999999999999,
      "std": 0.04476840991498122
    },
    "60": {
      "accuracy": 0.7008333333333333,
      "ci_lo": 0.6775,
      "ci_hi": 0.7233333333333334,
      "std": 0.05473888041638929
    },
    "75": {
      "accuracy": 0.536,
      "ci_lo": 0.5066666666666666,
      "ci_hi": 0.5653333333333334,
      "std": 0.06956506483583577
    },
    "100": {
      "accuracy": 0.366,
      "ci_lo": 0.3445,
      "ci_hi": 0.38649999999999995,
      "std": 0.04849308143816415
    }
  },
  "without_ps": {
    "1": {
      "accuracy": 0.95,
      "ci_lo": 0.85,
      "ci_hi": 1.0,
      "std": 0.22360679774997896
    },
    "3": {
      "accuracy": 0.9666666666666667,
      "ci_lo": 0.9166666666666666,
      "ci_hi": 1.0,
      "std": 0.10259783520851541
    },
    "5": {
      "accuracy": 0.96,
      "ci_lo": 0.9199999999999999,
      "ci_hi": 0.99,
      "std": 0.08207826816681231
    },
    "7": {
      "accuracy": 0.9642857142857143,
      "ci_lo": 0.9285714285714285,
      "ci_hi": 0.9928571428571429,
      "std": 0.07858851488859726
    },
    "10": {
      "accuracy": 0.96,
      "ci_lo": 0.93,
      "ci_hi": 0.985,
      "std": 0.06805570473787204
    },
    "15": {
      "accuracy": 0.8766666666666667,
      "ci_lo": 0.8333333333333334,
      "ci_hi": 0.9166666666666666,
      "std": 0.09976580764104007
    },
    "20": {
      "accuracy": 0.7925,
      "ci_lo": 0.7474999999999999,
      "ci_hi": 0.8375,
      "std": 0.10547511554864492
    },
    "24": {
      "accuracy": 0.7041666666666667,
      "ci_lo": 0.6854166666666666,
      "ci_hi": 0.7229166666666667,
      "std": 0.046633760328105456
    },
    "30": {
      "accuracy": 0.47833333333333333,
      "ci_lo": 0.45166666666666666,
      "ci_hi": 0.505,
      "std": 0.06331486341945754
    },
    "40": {
      "accuracy": 0.3625,
      "ci_lo": 0.33875,
      "ci_hi": 0.385,
      "std": 0.054712165490241556
    },
    "50": {
      "accuracy": 0.252,
      "ci_lo": 0.22800000000000004,
      "ci_hi": 0.277,
      "std": 0.057087190931250524
    },
    "60": {
      "accuracy": 0.18,
      "ci_lo": 0.16416666666666666,
      "ci_hi": 0.19666666666666666,
      "std": 0.0384646872305325
    },
    "75": {
      "accuracy": 0.11666666666666667,
      "ci_lo": 0.10200000000000001,
      "ci_hi": 0.13133333333333333,
      "std": 0.034027852368936025
    },
    "100": {
      "accuracy": 0.07,
      "ci_lo": 0.05700000000000001,
      "ci_hi": 0.083,
      "std": 0.030435436410107285
    }
  }
}