{
  "config": {
    "model": "microsoft/phi-2",
    "d_model": 2560,
    "n_layers": 32,
    "n_eval": 10,
    "seed": 42,
    "best_alpha": 20.0,
    "n_trace_heads": 8,
    "d_trace": 64,
    "gate_mode": "hardcoded_linking_mask",
    "dtype": "float16",
    "n_fact_types": 7,
    "fact_type_names": [
      "name",
      "city",
      "company",
      "color",
      "food",
      "pet",
      "country"
    ]
  },
  "phase1_zero_shot": {
    "1": {
      "baseline": 0.9,
      "cross_ctx": 0.2,
      "cross_bl": 0.0,
      "gap": 0.2,
      "cross_ci": [
        0.0,
        0.5
      ],
      "baseline_ci": [
        0.7,
        1.0
      ],
      "time": 3.158475875854492
    },
    "3": {
      "baseline": 0.8333333333333334,
      "cross_ctx": 0.1,
      "cross_bl": 0.03333333333333333,
      "gap": 0.06666666666666668,
      "cross_ci": [
        0.0,
        0.23333333333333334
      ],
      "baseline_ci": [
        0.7333333333333333,
        0.9333333333333332
      ],
      "time": 7.922842264175415
    },
    "5": {
      "baseline": 0.98,
      "cross_ctx": 0.1,
      "cross_bl": 0.06,
      "gap": 0.04000000000000001,
      "cross_ci": [
        0.02,
        0.18000000000000002
      ],
      "baseline_ci": [
        0.9400000000000001,
        1.0
      ],
      "time": 14.220178842544556
    }
  },
  "phase2_alpha_sweep": {
    "0.5": {
      "1": {
        "baseline": 0.9,
        "cross_ctx": 0.1,
        "cross_bl": 0.0,
        "gap": 0.1,
        "cross_ci": [
          0.0,
          0.3
        ],
        "baseline_ci": [
          0.7,
          1.0
        ],
        "time": 2.282010078430176
      },
      "5": {
        "baseline": 0.98,
        "cross_ctx": 0.1,
        "cross_bl": 0.06,
        "gap": 0.04000000000000001,
        "cross_ci": [
          0.02,
          0.18000000000000002
        ],
        "baseline_ci": [
          0.9400000000000001,
          1.0
        ],
        "time": 14.199605941772461
      }
    },
    "1.0": {
      "1": {
        "baseline": 0.9,
        "cross_ctx": 0.2,
        "cross_bl": 0.0,
        "gap": 0.2,
        "cross_ci": [
          0.0,
          0.5
        ],
        "baseline_ci": [
          0.7,
          1.0
        ],
        "time": 2.4323301315307617
      },
      "5": {
        "baseline": 0.98,
        "cross_ctx": 0.1,
        "cross_bl": 0.06,
        "gap": 0.04000000000000001,
        "cross_ci": [
          0.02,
          0.18000000000000002
        ],
        "baseline_ci": [
          0.9400000000000001,
          1.0
        ],
        "time": 14.735659122467041
      }
    },
    "2.0": {
      "1": {
        "baseline": 0.9,
        "cross_ctx": 0.3,
        "cross_bl": 0.0,
        "gap": 0.3,
        "cross_ci": [
          0.0,
          0.6
        ],
        "baseline_ci": [
          0.7,
          1.0
        ],
        "time": 2.2942087650299072
      },
      "5": {
        "baseline": 0.98,
        "cross_ctx": 0.16,
        "cross_bl": 0.06,
        "gap": 0.1,
        "cross_ci": [
          0.06000000000000001,
          0.28
        ],
        "baseline_ci": [
          0.9400000000000001,
          1.0
        ],
        "time": 14.227736949920654
      }
    },
    "5.0": {
      "1": {
        "baseline": 0.9,
        "cross_ctx": 0.8,
        "cross_bl": 0.0,
        "gap": 0.8,
        "cross_ci": [
          0.5,
          1.0
        ],
        "baseline_ci": [
          0.7,
          1.0
        ],
        "time": 2.2963337898254395
      },
      "5": {
        "baseline": 0.98,
        "cross_ctx": 0.48,
        "cross_bl": 0.06,
        "gap": 0.42,
        "cross_ci": [
          0.4,
          0.5599999999999999
        ],
        "baseline_ci": [
          0.9400000000000001,
          1.0
        ],
        "time": 14.231311798095703
      }
    },
    "10.0": {
      "1": {
        "baseline": 0.9,
        "cross_ctx": 1.0,
        "cross_bl": 0.0,
        "gap": 1.0,
        "cross_ci": [
          1.0,
          1.0
        ],
        "baseline_ci": [
          0.7,
          1.0
        ],
        "time": 2.3326499462127686
      },
      "5": {
        "baseline": 0.98,
        "cross_ctx": 0.74,
        "cross_bl": 0.06,
        "gap": 0.6799999999999999,
        "cross_ci": [
          0.6599999999999999,
          0.8200000000000001
        ],
        "baseline_ci": [
          0.9400000000000001,
          1.0
        ],
        "time": 14.179672956466675
      }
    },
    "20.0": {
      "1": {
        "baseline": 0.9,
        "cross_ctx": 1.0,
        "cross_bl": 0.0,
        "gap": 1.0,
        "cross_ci": [
          1.0,
          1.0
        ],
        "baseline_ci": [
          0.7,
          1.0
        ],
        "time": 2.4835689067840576
      },
      "5": {
        "baseline": 0.98,
        "cross_ctx": 0.92,
        "cross_bl": 0.06,
        "gap": 0.8600000000000001,
        "cross_ci": [
          0.86,
          0.9800000000000001
        ],
        "baseline_ci": [
          0.9400000000000001,
          1.0
        ],
        "time": 14.362335920333862
      }
    },
    "50.0": {
      "1": {
        "baseline": 0.9,
        "cross_ctx": 1.0,
        "cross_bl": 0.0,
        "gap": 1.0,
        "cross_ci": [
          1.0,
          1.0
        ],
        "baseline_ci": [
          0.7,
          1.0
        ],
        "time": 2.3103268146514893
      },
      "5": {
        "baseline": 0.98,
        "cross_ctx": 0.9,
        "cross_bl": 0.06,
        "gap": 0.8400000000000001,
        "cross_ci": [
          0.82,
          0.9800000000000001
        ],
        "baseline_ci": [
          0.9400000000000001,
          1.0
        ],
        "time": 14.7450590133667
      }
    }
  },
  "phase3_pattern_separation": {
    "no_ps": {
      "1": {
        "baseline": 0.9,
        "cross_ctx": 1.0,
        "cross_bl": 0.0,
        "gap": 1.0,
        "cross_ci": [
          1.0,
          1.0
        ],
        "baseline_ci": [
          0.7,
          1.0
        ],
        "time": 2.359877109527588
      },
      "3": {
        "baseline": 0.8333333333333334,
        "cross_ctx": 0.9666666666666667,
        "cross_bl": 0.03333333333333333,
        "gap": 0.9333333333333333,
        "cross_ci": [
          0.8999999999999998,
          1.0
        ],
        "baseline_ci": [
          0.7333333333333333,
          0.9333333333333332
        ],
        "time": 7.968360900878906
      },
      "5": {
        "baseline": 0.98,
        "cross_ctx": 0.92,
        "cross_bl": 0.06,
        "gap": 0.8600000000000001,
        "cross_ci": [
          0.86,
          0.9800000000000001
        ],
        "baseline_ci": [
          0.9400000000000001,
          1.0
        ],
        "time": 14.182023048400879
      }
    },
    "ps_8x_k16": {
      "1": {
        "baseline": 0.9,
        "cross_ctx": 1.0,
        "cross_bl": 0.0,
        "gap": 1.0,
        "cross_ci": [
          1.0,
          1.0
        ],
        "baseline_ci": [
          0.7,
          1.0
        ],
        "time": 2.6153600215911865
      },
      "3": {
        "baseline": 0.8333333333333334,
        "cross_ctx": 1.0,
        "cross_bl": 0.03333333333333333,
        "gap": 0.9666666666666667,
        "cross_ci": [
          1.0,
          1.0
        ],
        "baseline_ci": [
          0.7333333333333333,
          0.9333333333333332
        ],
        "time": 8.338766098022461
      },
      "5": {
        "baseline": 0.98,
        "cross_ctx": 0.94,
        "cross_bl": 0.06,
        "gap": 0.8799999999999999,
        "cross_ci": [
          0.8800000000000001,
          1.0
        ],
        "baseline_ci": [
          0.9400000000000001,
          1.0
        ],
        "time": 14.574261903762817
      }
    }
  }
}