{
  "config": {
    "model": "gpt2-medium",
    "d_model": 1024,
    "n_layers": 24,
    "n_eval": 50,
    "seed": 42,
    "best_alpha": 1.0,
    "n_trace_heads": 8,
    "d_trace": 64
  },
  "phase1_proof_of_concept": {
    "1": {
      "baseline": 1.0,
      "cross_ctx": 0.92,
      "cross_bl": 0.06,
      "gap": 0.8600000000000001,
      "time": 4.089725971221924
    },
    "3": {
      "baseline": 0.7733333333333333,
      "cross_ctx": 0.68,
      "cross_bl": 0.05333333333333334,
      "gap": 0.6266666666666667,
      "time": 11.392719984054565
    },
    "5": {
      "baseline": 0.584,
      "cross_ctx": 0.632,
      "cross_bl": 0.048,
      "gap": 0.584,
      "time": 17.866509199142456
    },
    "7": {
      "baseline": 0.5742857142857143,
      "cross_ctx": 0.66,
      "cross_bl": 0.08,
      "gap": 0.5800000000000001,
      "time": 29.000428199768066
    }
  },
  "phase2_alpha_sweep": {
    "0.1": {
      "1": {
        "baseline": 1.0,
        "cross_ctx": 0.12,
        "cross_bl": 0.06,
        "gap": 0.06,
        "time": 3.3236429691314697
      },
      "5": {
        "baseline": 0.584,
        "cross_ctx": 0.124,
        "cross_bl": 0.048,
        "gap": 0.076,
        "time": 19.59175133705139
      }
    },
    "0.3": {
      "1": {
        "baseline": 1.0,
        "cross_ctx": 0.44,
        "cross_bl": 0.06,
        "gap": 0.38,
        "time": 3.40946888923645
      },
      "5": {
        "baseline": 0.584,
        "cross_ctx": 0.4,
        "cross_bl": 0.048,
        "gap": 0.35200000000000004,
        "time": 18.94094181060791
      }
    },
    "0.5": {
      "1": {
        "baseline": 1.0,
        "cross_ctx": 0.92,
        "cross_bl": 0.06,
        "gap": 0.8600000000000001,
        "time": 3.5241589546203613
      },
      "5": {
        "baseline": 0.584,
        "cross_ctx": 0.632,
        "cross_bl": 0.048,
        "gap": 0.584,
        "time": 18.723360061645508
      }
    },
    "1.0": {
      "1": {
        "baseline": 1.0,
        "cross_ctx": 1.0,
        "cross_bl": 0.06,
        "gap": 0.94,
        "time": 3.3233141899108887
      },
      "5": {
        "baseline": 0.584,
        "cross_ctx": 0.74,
        "cross_bl": 0.048,
        "gap": 0.692,
        "time": 18.77158212661743
      }
    },
    "2.0": {
      "1": {
        "baseline": 1.0,
        "cross_ctx": 1.0,
        "cross_bl": 0.06,
        "gap": 0.94,
        "time": 3.293994188308716
      },
      "5": {
        "baseline": 0.584,
        "cross_ctx": 0.664,
        "cross_bl": 0.048,
        "gap": 0.616,
        "time": 18.802715063095093
      }
    },
    "5.0": {
      "1": {
        "baseline": 1.0,
        "cross_ctx": 1.0,
        "cross_bl": 0.06,
        "gap": 0.94,
        "time": 3.3493850231170654
      },
      "5": {
        "baseline": 0.584,
        "cross_ctx": 0.592,
        "cross_bl": 0.048,
        "gap": 0.5439999999999999,
        "time": 18.63321304321289
      }
    }
  },
  "phase3_pattern_separation": {
    "no_ps": {
      "1": {
        "baseline": 1.0,
        "cross_ctx": 1.0,
        "cross_bl": 0.06,
        "gap": 0.94,
        "time": 3.300809144973755
      },
      "3": {
        "baseline": 0.7733333333333333,
        "cross_ctx": 0.8533333333333334,
        "cross_bl": 0.05333333333333334,
        "gap": 0.8,
        "time": 10.906928777694702
      },
      "5": {
        "baseline": 0.584,
        "cross_ctx": 0.74,
        "cross_bl": 0.048,
        "gap": 0.692,
        "time": 18.929039001464844
      },
      "7": {
        "baseline": 0.5742857142857143,
        "cross_ctx": 0.6942857142857143,
        "cross_bl": 0.08,
        "gap": 0.6142857142857143,
        "time": 27.146898984909058
      }
    },
    "ps_8x_k16": {
      "1": {
        "baseline": 1.0,
        "cross_ctx": 1.0,
        "cross_bl": 0.06,
        "gap": 0.94,
        "time": 3.395658254623413
      },
      "3": {
        "baseline": 0.7733333333333333,
        "cross_ctx": 0.9666666666666667,
        "cross_bl": 0.05333333333333334,
        "gap": 0.9133333333333333,
        "time": 10.922815084457397
      },
      "5": {
        "baseline": 0.584,
        "cross_ctx": 0.872,
        "cross_bl": 0.048,
        "gap": 0.824,
        "time": 19.051461935043335
      },
      "7": {
        "baseline": 0.5742857142857143,
        "cross_ctx": 0.8685714285714285,
        "cross_bl": 0.08,
        "gap": 0.7885714285714286,
        "time": 28.882664918899536
      }
    }
  },
  "phase4_comparison": {
    "small": {
      "1": {
        "baseline": 0.98,
        "cross_ctx": 1.0,
        "cross_bl": 0.06,
        "gap": 0.94,
        "time": 2.579158067703247
      },
      "3": {
        "baseline": 0.8066666666666666,
        "cross_ctx": 0.9266666666666666,
        "cross_bl": 0.04,
        "gap": 0.8866666666666666,
        "time": 7.483113765716553
      },
      "5": {
        "baseline": 0.66,
        "cross_ctx": 0.836,
        "cross_bl": 0.028,
        "gap": 0.8079999999999999,
        "time": 10.054193019866943
      },
      "7": {
        "baseline": 0.6028571428571429,
        "cross_ctx": 0.8285714285714286,
        "cross_bl": 0.037142857142857144,
        "gap": 0.7914285714285715,
        "time": 14.763054132461548
      }
    },
    "medium": {
      "1": {
        "baseline": 1.0,
        "cross_ctx": 1.0,
        "cross_bl": 0.06,
        "gap": 0.94,
        "time": 3.3363401889801025
      },
      "3": {
        "baseline": 0.7733333333333333,
        "cross_ctx": 0.9666666666666667,
        "cross_bl": 0.05333333333333334,
        "gap": 0.9133333333333333,
        "time": 10.974062204360962
      },
      "5": {
        "baseline": 0.584,
        "cross_ctx": 0.872,
        "cross_bl": 0.048,
        "gap": 0.824,
        "time": 18.683613061904907
      },
      "7": {
        "baseline": 0.5742857142857143,
        "cross_ctx": 0.8685714285714285,
        "cross_bl": 0.08,
        "gap": 0.7885714285714286,
        "time": 27.940343141555786
      }
    }
  }
}