{
  "config": {
    "n_eval": 30,
    "seed": 42,
    "bank_configs": [
      1,
      16,
      32
    ],
    "n_concepts": 110,
    "n_entities": 229
  },
  "results": {
    "1": {
      "1": {
        "accuracy": 1.0,
        "ci_lo": 1.0,
        "ci_hi": 1.0,
        "std": 0.0
      },
      "3": {
        "accuracy": 0.9888888888888889,
        "ci_lo": 0.9666666666666667,
        "ci_hi": 1.0,
        "std": 0.060858061945018464
      },
      "5": {
        "accuracy": 0.9866666666666667,
        "ci_lo": 0.9666666666666667,
        "ci_hi": 1.0,
        "std": 0.05074162634049247
      },
      "7": {
        "accuracy": 0.9952380952380953,
        "ci_lo": 0.9857142857142858,
        "ci_hi": 1.0,
        "std": 0.02608202654786506
      },
      "10": {
        "accuracy": 0.9933333333333333,
        "ci_lo": 0.9833333333333333,
        "ci_hi": 1.0,
        "std": 0.025370813170246236
      },
      "15": {
        "accuracy": 0.9933333333333333,
        "ci_lo": 0.9844444444444445,
        "ci_hi": 1.0,
        "std": 0.020341905108624308
      },
      "20": {
        "accuracy": 0.9733333333333334,
        "ci_lo": 0.9633333333333333,
        "ci_hi": 0.9833333333333333,
        "std": 0.02856732318616831
      },
      "24": {
        "accuracy": 0.9680555555555556,
        "ci_lo": 0.9555555555555556,
        "ci_hi": 0.9805555555555556,
        "std": 0.03576499319427395
      },
      "30": {
        "accuracy": 0.9311111111111111,
        "ci_lo": 0.9177777777777778,
        "ci_hi": 0.9444444444444444,
        "std": 0.038089764248224384
      },
      "40": {
        "accuracy": 0.8483333333333334,
        "ci_lo": 0.8241666666666667,
        "ci_hi": 0.8708333333333333,
        "std": 0.06757286403596482
      },
      "50": {
        "accuracy": 0.7493333333333333,
        "ci_lo": 0.7193333333333334,
        "ci_hi": 0.776,
        "std": 0.07960823615913001
      },
      "60": {
        "accuracy": 0.6383333333333333,
        "ci_lo": 0.6138888888888889,
        "ci_hi": 0.6622222222222223,
        "std": 0.06922532480147514
      },
      "75": {
        "accuracy": 0.5053333333333333,
        "ci_lo": 0.48800000000000004,
        "ci_hi": 0.5213333333333333,
        "std": 0.04792714777923755
      },
      "100": {
        "accuracy": 0.3556666666666667,
        "ci_lo": 0.339,
        "ci_hi": 0.372,
        "std": 0.046585726194377085
      }
    },
    "16": {
      "1": {
        "accuracy": 1.0,
        "ci_lo": 1.0,
        "ci_hi": 1.0,
        "std": 0.0
      },
      "3": {
        "accuracy": 0.9888888888888889,
        "ci_lo": 0.9666666666666667,
        "ci_hi": 1.0,
        "std": 0.060858061945018464
      },
      "5": {
        "accuracy": 0.9933333333333333,
        "ci_lo": 0.98,
        "ci_hi": 1.0,
        "std": 0.036514837167011066
      },
      "7": {
        "accuracy": 1.0,
        "ci_lo": 1.0,
        "ci_hi": 1.0,
        "std": 0.0
      },
      "10": {
        "accuracy": 0.99,
        "ci_lo": 0.9733333333333333,
        "ci_hi": 1.0,
        "std": 0.04025778999364487
      },
      "15": {
        "accuracy": 0.9933333333333333,
        "ci_lo": 0.9844444444444445,
        "ci_hi": 1.0,
        "std": 0.020341905108624308
      },
      "20": {
        "accuracy": 0.995,
        "ci_lo": 0.99,
        "ci_hi": 1.0,
        "std": 0.015256428831468247
      },
      "24": {
        "accuracy": 0.9958333333333333,
        "ci_lo": 0.9902777777777777,
        "ci_hi": 1.0,
        "std": 0.012713690692890184
      },
      "30": {
        "accuracy": 0.9922222222222222,
        "ci_lo": 0.9866666666666667,
        "ci_hi": 0.9966666666666666,
        "std": 0.014339435571735875
      },
      "40": {
        "accuracy": 0.99,
        "ci_lo": 0.9841666666666666,
        "ci_hi": 0.995,
        "std": 0.015536386656646648
      },
      "50": {
        "accuracy": 0.994,
        "ci_lo": 0.99,
        "ci_hi": 0.9973333333333334,
        "std": 0.010699661612438491
      },
      "60": {
        "accuracy": 0.995,
        "ci_lo": 0.9922222222222222,
        "ci_hi": 0.9977777777777778,
        "std": 0.007768193328323341
      },
      "75": {
        "accuracy": 0.9924444444444445,
        "ci_lo": 0.9893333333333333,
        "ci_hi": 0.9955555555555555,
        "std": 0.009052140718991486
      },
      "100": {
        "accuracy": 0.9923333333333333,
        "ci_lo": 0.9886666666666667,
        "ci_hi": 0.9953333333333333,
        "std": 0.009352607356658155
      }
    },
    "32": {
      "1": {
        "accuracy": 1.0,
        "ci_lo": 1.0,
        "ci_hi": 1.0,
        "std": 0.0
      },
      "3": {
        "accuracy": 0.9888888888888889,
        "ci_lo": 0.9666666666666667,
        "ci_hi": 1.0,
        "std": 0.060858061945018464
      },
      "5": {
        "accuracy": 0.9933333333333333,
        "ci_lo": 0.98,
        "ci_hi": 1.0,
        "std": 0.036514837167011066
      },
      "7": {
        "accuracy": 1.0,
        "ci_lo": 1.0,
        "ci_hi": 1.0,
        "std": 0.0
      },
      "10": {
        "accuracy": 0.99,
        "ci_lo": 0.9733333333333333,
        "ci_hi": 1.0,
        "std": 0.04025778999364487
      },
      "15": {
        "accuracy": 0.9933333333333333,
        "ci_lo": 0.9844444444444445,
        "ci_hi": 1.0,
        "std": 0.020341905108624308
      },
      "20": {
        "accuracy": 0.995,
        "ci_lo": 0.99,
        "ci_hi": 1.0,
        "std": 0.015256428831468247
      },
      "24": {
        "accuracy": 0.9958333333333333,
        "ci_lo": 0.9902777777777777,
        "ci_hi": 1.0,
        "std": 0.012713690692890184
      },
      "30": {
        "accuracy": 0.9922222222222222,
        "ci_lo": 0.9866666666666667,
        "ci_hi": 0.9966666666666666,
        "std": 0.014339435571735875
      },
      "40": {
        "accuracy": 0.99,
        "ci_lo": 0.9841666666666666,
        "ci_hi": 0.995,
        "std": 0.015536386656646648
      },
      "50": {
        "accuracy": 0.9946666666666667,
        "ci_lo": 0.9906666666666666,
        "ci_hi": 0.998,
        "std": 0.010416609195243766
      },
      "60": {
        "accuracy": 0.995,
        "ci_lo": 0.9916666666666667,
        "ci_hi": 0.9977777777777778,
        "std": 0.008916384677032084
      },
      "75": {
        "accuracy": 0.9942222222222222,
        "ci_lo": 0.9906666666666666,
        "ci_hi": 0.9973333333333334,
        "std": 0.009705760557261411
      },
      "100": {
        "accuracy": 0.9933333333333333,
        "ci_lo": 0.99,
        "ci_hi": 0.9963333333333334,
        "std": 0.00922266074754829
      }
    }
  }
}