{
  "model": "gpt2",
  "params": "124M",
  "alpha": 0.5,
  "d_model": 768,
  "n_eval": 100,
  "n_fact_types": 7,
  "phase": "eval",
  "results": {
    "1": {
      "cross_context": {
        "mean": 1.0,
        "ci_lo": 1.0,
        "ci_hi": 1.0,
        "per_episode": [
          1.0,
          1.0,
          1.0,
          1.0,
          1.0,
          1.0,
          1.0,
          1.0,
          1.0,
          1.0,
          1.0,
          1.0,
          1.0,
          1.0,
          1.0,
          1.0,
          1.0,
          1.0,
          1.0,
          1.0,
          1.0,
          1.0,
          1.0,
          1.0,
          1.0,
          1.0,
          1.0,
          1.0,
          1.0,
          1.0,
          1.0,
          1.0,
          1.0,
          1.0,
          1.0,
          1.0,
          1.0,
          1.0,
          1.0,
          1.0,
          1.0,
          1.0,
          1.0,
          1.0,
          1.0,
          1.0,
          1.0,
          1.0,
          1.0,
          1.0,
          1.0,
          1.0,
          1.0,
          1.0,
          1.0,
          1.0,
          1.0,
          1.0,
          1.0,
          1.0,
          1.0,
          1.0,
          1.0,
          1.0,
          1.0,
          1.0,
          1.0,
          1.0,
          1.0,
          1.0,
          1.0,
          1.0,
          1.0,
          1.0,
          1.0,
          1.0,
          1.0,
          1.0,
          1.0,
          1.0,
          1.0,
          1.0,
          1.0,
          1.0,
          1.0,
          1.0,
          1.0,
          1.0,
          1.0,
          1.0,
          1.0,
          1.0,
          1.0,
          1.0,
          1.0,
          1.0,
          1.0,
          1.0,
          1.0,
          1.0
        ]
      },
      "baseline": {
        "mean": 0.99,
        "ci_lo": 0.97,
        "ci_hi": 1.0
      },
      "no_trace": {
        "mean": 0.06
      }
    },
    "3": {
      "cross_context": {
        "mean": 0.8966666666666666,
        "ci_lo": 0.8666666666666667,
        "ci_hi": 0.9266666666666667,
        "per_episode": [
          1.0,
          0.6666666666666666,
          0.6666666666666666,
          0.6666666666666666,
          1.0,
          0.6666666666666666,
          1.0,
          0.6666666666666666,
          1.0,
          1.0,
          1.0,
          1.0,
          1.0,
          1.0,
          0.6666666666666666,
          1.0,
          1.0,
          0.6666666666666666,
          1.0,
          1.0,
          1.0,
          1.0,
          1.0,
          1.0,
          0.6666666666666666,
          1.0,
          1.0,
          1.0,
          1.0,
          1.0,
          1.0,
          1.0,
          1.0,
          1.0,
          1.0,
          0.6666666666666666,
          1.0,
          0.6666666666666666,
          1.0,
          0.6666666666666666,
          1.0,
          0.6666666666666666,
          1.0,
          0.6666666666666666,
          0.6666666666666666,
          0.6666666666666666,
          0.6666666666666666,
          1.0,
          1.0,
          1.0,
          1.0,
          1.0,
          1.0,
          1.0,
          0.6666666666666666,
          0.6666666666666666,
          1.0,
          0.6666666666666666,
          1.0,
          1.0,
          1.0,
          1.0,
          1.0,
          1.0,
          0.6666666666666666,
          1.0,
          1.0,
          0.6666666666666666,
          0.6666666666666666,
          1.0,
          1.0,
          1.0,
          1.0,
          1.0,
          1.0,
          0.6666666666666666,
          1.0,
          1.0,
          1.0,
          1.0,
          0.6666666666666666,
          1.0,
          1.0,
          1.0,
          0.6666666666666666,
          1.0,
          1.0,
          1.0,
          1.0,
          1.0,
          0.6666666666666666,
          0.6666666666666666,
          0.6666666666666666,
          0.6666666666666666,
          1.0,
          1.0,
          0.6666666666666666,
          0.6666666666666666,
          1.0,
          1.0
        ]
      },
      "baseline": {
        "mean": 0.73,
        "ci_lo": 0.6766666666666667,
        "ci_hi": 0.7800000000000001
      },
      "no_trace": {
        "mean": 0.043333333333333335
      }
    },
    "5": {
      "cross_context": {
        "mean": 0.854,
        "ci_lo": 0.834,
        "ci_hi": 0.8740000000000001,
        "per_episode": [
          0.8,
          1.0,
          1.0,
          0.8,
          0.8,
          0.8,
          1.0,
          0.8,
          0.8,
          1.0,
          0.8,
          0.8,
          0.8,
          0.8,
          1.0,
          0.8,
          0.8,
          0.8,
          0.8,
          0.8,
          1.0,
          0.8,
          0.8,
          1.0,
          0.8,
          0.8,
          1.0,
          0.8,
          1.0,
          0.8,
          1.0,
          0.8,
          0.8,
          1.0,
          0.8,
          0.8,
          0.8,
          0.8,
          0.8,
          1.0,
          1.0,
          0.8,
          0.8,
          0.8,
          1.0,
          1.0,
          1.0,
          0.8,
          1.0,
          0.8,
          0.8,
          0.8,
          0.8,
          0.8,
          0.8,
          0.8,
          0.6,
          0.8,
          1.0,
          1.0,
          0.8,
          1.0,
          0.8,
          0.8,
          0.8,
          0.8,
          0.8,
          0.6,
          0.8,
          0.8,
          1.0,
          1.0,
          0.8,
          1.0,
          0.8,
          0.8,
          0.8,
          1.0,
          0.8,
          0.8,
          0.8,
          1.0,
          1.0,
          0.8,
          0.8,
          0.8,
          0.8,
          1.0,
          1.0,
          0.8,
          0.8,
          0.8,
          1.0,
          0.8,
          0.8,
          0.8,
          1.0,
          0.8,
          0.6,
          0.8
        ]
      },
      "baseline": {
        "mean": 0.628,
        "ci_lo": 0.59,
        "ci_hi": 0.6659999999999998
      },
      "no_trace": {
        "mean": 0.032
      }
    },
    "7": {
      "cross_context": {
        "mean": 0.82,
        "ci_lo": 0.8014285714285714,
        "ci_hi": 0.8385714285714286,