{
  "model": "meta-llama/Llama-2-7b-hf",
  "params": "7B",
  "alpha": 10.0,
  "d_model": 4096,
  "n_eval": 100,
  "n_fact_types": 5,
  "phase": "eval",
  "results": {
    "1": {
      "cross_context": {
        "mean": 0.97,
        "ci_lo": 0.93,
        "ci_hi": 1.0,
        "per_episode": [
          1.0,
          1.0,
          1.0,
          1.0,
          1.0,
          1.0,
          1.0,
          1.0,
          1.0,
          1.0,
          1.0,
          1.0,
          1.0,
          1.0,
          1.0,
          1.0,
          1.0,
          0.0,
          1.0,
          1.0,
          1.0,
          0.0,
          1.0,
          1.0,
          1.0,
          1.0,
          1.0,
          1.0,
          1.0,
          1.0,
          1.0,
          1.0,
          1.0,
          1.0,
          1.0,
          1.0,
          1.0,
          1.0,
          1.0,
          1.0,
          1.0,
          1.0,
          1.0,
          1.0,
          1.0,
          1.0,
          1.0,
          1.0,
          0.0,
          1.0,
          1.0,
          1.0,
          1.0,
          1.0,
          1.0,
          1.0,
          1.0,
          1.0,
          1.0,
          1.0,
          1.0,
          1.0,
          1.0,
          1.0,
          1.0,
          1.0,
          1.0,
          1.0,
          1.0,
          1.0,
          1.0,
          1.0,
          1.0,
          1.0,
          1.0,
          1.0,
          1.0,
          1.0,
          1.0,
          1.0,
          1.0,
          1.0,
          1.0,
          1.0,
          1.0,
          1.0,
          1.0,
          1.0,
          1.0,
          1.0,
          1.0,
          1.0,
          1.0,
          1.0,
          1.0,
          1.0,
          1.0,
          1.0,
          1.0,
          1.0
        ]
      },
      "baseline": {
        "mean": 1.0,
        "ci_lo": 1.0,
        "ci_hi": 1.0
      },
      "no_trace": {
        "mean": 0.13
      }
    },
    "3": {
      "cross_context": {
        "mean": 0.7366666666666667,
        "ci_lo": 0.7033333333333333,
        "ci_hi": 0.7700000000000001,
        "per_episode": [
          0.6666666666666666,
          0.6666666666666666,
          0.6666666666666666,
          0.6666666666666666,
          0.6666666666666666,
          1.0,
          0.6666666666666666,
          0.6666666666666666,
          0.6666666666666666,
          0.6666666666666666,
          0.6666666666666666,
          0.6666666666666666,
          0.6666666666666666,
          0.6666666666666666,
          1.0,
          1.0,
          0.6666666666666666,
          0.6666666666666666,
          0.6666666666666666,
          1.0,
          0.6666666666666666,
          0.6666666666666666,
          0.6666666666666666,
          0.6666666666666666,
          1.0,
          1.0,
          0.6666666666666666,
          0.6666666666666666,
          0.6666666666666666,
          1.0,
          1.0,
          0.6666666666666666,
          1.0,
          0.6666666666666666,
          0.6666666666666666,
          0.6666666666666666,
          0.6666666666666666,
          0.6666666666666666,
          1.0,
          0.6666666666666666,
          1.0,
          1.0,
          0.6666666666666666,
          0.3333333333333333,
          1.0,
          1.0,
          1.0,
          1.0,
          0.6666666666666666,
          0.6666666666666666,
          0.6666666666666666,
          1.0,
          0.6666666666666666,
          1.0,
          0.6666666666666666,
          0.6666666666666666,
          1.0,
          0.6666666666666666,
          0.6666666666666666,
          0.6666666666666666,
          1.0,
          0.6666666666666666,
          0.6666666666666666,
          0.6666666666666666,
          0.6666666666666666,
          0.6666666666666666,
          0.6666666666666666,
          0.6666666666666666,
          0.6666666666666666,
          1.0,
          1.0,
          0.6666666666666666,
          0.6666666666666666,
          0.6666666666666666,
          0.3333333333333333,
          0.6666666666666666,
          0.6666666666666666,
          0.3333333333333333,
          0.6666666666666666,
          0.6666666666666666,
          0.6666666666666666,
          0.6666666666666666,
          0.6666666666666666,
          0.6666666666666666,
          1.0,
          0.3333333333333333,
          0.3333333333333333,
          0.6666666666666666,
          1.0,
          0.6666666666666666,
          0.6666666666666666,
          0.6666666666666666,
          0.6666666666666666,
          1.0,
          0.6666666666666666,
          0.6666666666666666,
          0.6666666666666666,
          1.0,
          0.3333333333333333,
          1.0
        ]
      },
      "baseline": {
        "mean": 0.82,
        "ci_lo": 0.7766666666666667,
        "ci_hi": 0.8600000000000001
      },
      "no_trace": {
        "mean": 0.06666666666666667
      }
    },
    "5": {
      "cross_context": {
        "mean": 0.698,
        "ci_lo": 0.6719999999999997,
        "ci_hi": 0.7239999999999999,
        "per_episode": [
          0.8,
          0.6,
          0.8,
          0.6,
          0.8,
          0.6,
          0.8,
          0.6,
          0.8,
          0.8,
          0.6,
          0.8,
          1.0,
          0.4,
          1.0,
          0.8,
          0.8,
          0.8,
          0.8,
          0.8,
          0.8,
          0.4,
          0.6,
          0.6,
          1.0,
          0.6,
          0.6,
          0.8,
          0.6,
          0.6,
          0.8,
          0.6,
          0.8,
          0.8,
          0.8,
          0.6,
          0.4,
          0.6,
          0.8,
          0.8,
          0.6,
          0.8,
          0.8,
          1.0,
          0.6,
          0.8,
          0.8,
          0.6,
          0.8,
          0.8,
          0.6,
          0.6,
          0.6,
          0.8,
          0.8,
          0.6,
          0.6,
          0.8,
          0.6,
          0.8,
          0.8,
          0.6,
          0.6,
          0.4,
          0.8,
          0.4,
          0.6,
          0.8,
          0.6,
          0.8,
          0.6,
          0.6,
          0.8,
          0.6,
          0.6,
          0.6,
          0.8,
          0.4,
          0.8,
          0.8,
          0.6,
          0.8,
          0.8,
          0.8,
          0.6,
          0.6,
          0.8,
          0.8,
          0.6,
          0.6,
          0.8,
          0.4,
          0.6,
          0.8,
          0.6,
          0.6,
          0.8,
          0.6,
          0.8,
          0.8
        ]
      },
      "baseline": {
        "mean": 0.844,
        "ci_lo": 0.8080000000000002,
        "ci_hi": 0.878
      },
      "no_trace": {
        "mean": 0.09
      }
    }
  }
}