{
  "model": "gpt2-medium",
  "params": "355M",
  "alpha": 0.5,
  "d_model": 1024,
  "n_eval": 100,
  "n_fact_types": 7,
  "phase": "eval",
  "results": {
    "1": {
      "cross_context": {
        "mean": 1.0,
        "ci_lo": 1.0,
        "ci_hi": 1.0,
        "per_episode": [
          1.0,
          1.0,
          1.0,
          1.0,
          1.0,
          1.0,
          1.0,
          1.0,
          1.0,
          1.0,
          1.0,
          1.0,
          1.0,
          1.0,
          1.0,
          1.0,
          1.0,
          1.0,
          1.0,
          1.0,
          1.0,
          1.0,
          1.0,
          1.0,
          1.0,
          1.0,
          1.0,
          1.0,
          1.0,
          1.0,
          1.0,
          1.0,
          1.0,
          1.0,
          1.0,
          1.0,
          1.0,
          1.0,
          1.0,
          1.0,
          1.0,
          1.0,
          1.0,
          1.0,
          1.0,
          1.0,
          1.0,
          1.0,
          1.0,
          1.0,
          1.0,
          1.0,
          1.0,
          1.0,
          1.0,
          1.0,
          1.0,
          1.0,
          1.0,
          1.0,
          1.0,
          1.0,
          1.0,
          1.0,
          1.0,
          1.0,
          1.0,
          1.0,
          1.0,
          1.0,
          1.0,
          1.0,
          1.0,
          1.0,
          1.0,
          1.0,
          1.0,
          1.0,
          1.0,
          1.0,
          1.0,
          1.0,
          1.0,
          1.0,
          1.0,
          1.0,
          1.0,
          1.0,
          1.0,
          1.0,
          1.0,
          1.0,
          1.0,
          1.0,
          1.0,
          1.0,
          1.0,
          1.0,
          1.0,
          1.0
        ]
      },
      "baseline": {
        "mean": 1.0,
        "ci_lo": 1.0,
        "ci_hi": 1.0
      },
      "no_trace": {
        "mean": 0.09
      }
    },
    "3": {
      "cross_context": {
        "mean": 0.7266666666666667,
        "ci_lo": 0.6966666666666669,
        "ci_hi": 0.7566666666666668,
        "per_episode": [
          1.0,
          0.6666666666666666,
          0.6666666666666666,
          0.6666666666666666,
          1.0,
          0.6666666666666666,
          1.0,
          0.6666666666666666,
          0.6666666666666666,
          0.3333333333333333,
          0.6666666666666666,
          0.6666666666666666,
          1.0,
          0.6666666666666666,
          0.6666666666666666,
          1.0,
          1.0,
          0.6666666666666666,
          1.0,
          0.6666666666666666,
          0.6666666666666666,
          1.0,
          0.6666666666666666,
          0.6666666666666666,
          0.6666666666666666,
          0.3333333333333333,
          0.6666666666666666,
          0.6666666666666666,
          1.0,
          0.6666666666666666,
          0.6666666666666666,
          0.6666666666666666,
          1.0,
          0.6666666666666666,
          0.6666666666666666,
          0.6666666666666666,
          0.6666666666666666,
          0.6666666666666666,
          1.0,
          0.6666666666666666,
          0.6666666666666666,
          0.6666666666666666,
          0.6666666666666666,
          0.6666666666666666,
          0.6666666666666666,
          0.6666666666666666,
          0.6666666666666666,
          0.6666666666666666,
          1.0,
          0.6666666666666666,
          0.6666666666666666,
          1.0,
          1.0,
          0.6666666666666666,
          0.6666666666666666,
          0.6666666666666666,
          0.6666666666666666,
          0.6666666666666666,
          0.6666666666666666,
          0.6666666666666666,
          1.0,
          0.6666666666666666,
          0.6666666666666666,
          0.6666666666666666,
          0.6666666666666666,
          0.6666666666666666,
          0.6666666666666666,
          0.6666666666666666,
          0.6666666666666666,
          0.6666666666666666,
          0.6666666666666666,
          1.0,
          0.6666666666666666,
          0.6666666666666666,
          1.0,
          0.6666666666666666,
          1.0,
          0.6666666666666666,
          1.0,
          1.0,
          0.6666666666666666,
          0.3333333333333333,
          1.0,
          0.6666666666666666,
          0.6666666666666666,
          0.6666666666666666,
          0.6666666666666666,
          0.6666666666666666,
          0.6666666666666666,
          0.6666666666666666,
          0.6666666666666666,
          0.6666666666666666,
          0.6666666666666666,
          0.6666666666666666,
          0.6666666666666666,
          0.6666666666666666,
          0.6666666666666666,
          0.6666666666666666,
          0.6666666666666666,
          0.6666666666666666
        ]
      },
      "baseline": {
        "mean": 0.78,
        "ci_lo": 0.7233333333333336,
        "ci_hi": 0.8300000000000002
      },
      "no_trace": {
        "mean": 0.06666666666666667
      }
    },
    "5": {
      "cross_context": {
        "mean": 0.704,
        "ci_lo": 0.6799999999999998,
        "ci_hi": 0.7279999999999999,
        "per_episode": [
          0.6,
          0.8,
          0.8,
          0.6,
          1.0,
          0.6,
          0.8,
          0.8,
          0.8,
          1.0,
          0.6,
          0.6,
          0.8,
          0.8,
          0.6,
          0.6,
          0.8,
          0.6,
          0.6,
          0.6,
          0.6,
          0.6,
          0.6,
          0.8,
          0.8,
          0.8,
          0.8,
          0.8,
          0.8,
          0.8,
          0.6,
          0.6,
          0.6,
          0.8,
          0.6,
          0.8,
          0.6,
          0.8,
          0.6,
          0.8,
          0.6,
          0.6,
          0.8,
          0.8,
          0.6,
          0.4,
          0.8,
          0.6,
          0.8,
          0.8,
          0.6,
          0.6,
          0.8,
          0.8,
          0.6,
          0.6,
          0.6,
          0.8,
          0.8,
          0.8,
          0.8,
          0.8,
          0.8,
          0.6,
          0.8,
          0.8,
          0.6,
          0.6,
          0.8,
          0.8,
          0.8,
          0.6,
          0.6,
          0.6,
          0.6,
          0.6,
          0.6,
          0.8,
          0.6,
          0.8,
          0.6,
          1.0,
          0.6,
          0.6,
          0.6,
          0.6,
          0.6,
          0.8,
          1.0,
          0.6,
          0.8,
          0.6,
          0.8,
          0.8,
          0.6,
          0.6,
          0.8,
          0.6,
          0.6,
          0.8
        ]
      },
      "baseline": {
        "mean": 0.636,
        "ci_lo": 0.5940000000000001,
        "ci_hi": 0.674
      },
      "no_trace": {
        "mean": 0.05
      }
    },
    "7": {
      "cross_context": {
        "mean": 0.6957142857142857,
        "ci_lo": 0.6757142857142856,
        "ci_hi": 0.7157142857142855,