{
  "model": "mistralai/Mistral-7B-v0.1",
  "params": "7B",
  "alpha": 1000.0,
  "d_model": 4096,
  "n_eval": 100,
  "n_fact_types": 6,
  "phase": "eval",
  "results": {
    "1": {
      "cross_context": {
        "mean": 0.95,
        "ci_lo": 0.9,
        "ci_hi": 0.99,
        "per_episode": [
          1.0,
          1.0,
          1.0,
          1.0,
          1.0,
          1.0,
          0.0,
          1.0,
          1.0,
          1.0,
          1.0,
          1.0,
          1.0,
          1.0,
          1.0,
          1.0,
          1.0,
          1.0,
          1.0,
          1.0,
          1.0,
          1.0,
          1.0,
          1.0,
          1.0,
          1.0,
          1.0,
          1.0,
          1.0,
          1.0,
          1.0,
          1.0,
          1.0,
          1.0,
          1.0,
          1.0,
          1.0,
          1.0,
          1.0,
          1.0,
          1.0,
          1.0,
          0.0,
          1.0,
          1.0,
          1.0,
          1.0,
          1.0,
          1.0,
          1.0,
          1.0,
          1.0,
          1.0,
          1.0,
          1.0,
          1.0,
          1.0,
          1.0,
          1.0,
          1.0,
          1.0,
          1.0,
          1.0,
          1.0,
          1.0,
          1.0,
          0.0,
          1.0,
          1.0,
          1.0,
          1.0,
          1.0,
          1.0,
          1.0,
          1.0,
          0.0,
          1.0,
          1.0,
          1.0,
          0.0,
          1.0,
          1.0,
          1.0,
          1.0,
          1.0,
          1.0,
          1.0,
          1.0,
          1.0,
          1.0,
          1.0,
          1.0,
          1.0,
          1.0,
          1.0,
          1.0,
          1.0,
          1.0,
          1.0,
          1.0
        ]
      },
      "baseline": {
        "mean": 1.0,
        "ci_lo": 1.0,
        "ci_hi": 1.0
      },
      "no_trace": {
        "mean": 0.14
      }
    },
    "3": {
      "cross_context": {
        "mean": 0.7433333333333333,
        "ci_lo": 0.7066666666666667,
        "ci_hi": 0.7800000000000001,
        "per_episode": [
          1.0,
          0.6666666666666666,
          0.6666666666666666,
          0.6666666666666666,
          1.0,
          0.6666666666666666,
          0.6666666666666666,
          0.6666666666666666,
          0.6666666666666666,
          0.3333333333333333,
          1.0,
          0.6666666666666666,
          1.0,
          1.0,
          0.6666666666666666,
          0.6666666666666666,
          0.6666666666666666,
          1.0,
          0.6666666666666666,
          1.0,
          0.6666666666666666,
          1.0,
          0.6666666666666666,
          0.6666666666666666,
          0.6666666666666666,
          0.6666666666666666,
          0.6666666666666666,
          0.6666666666666666,
          1.0,
          1.0,
          0.6666666666666666,
          0.6666666666666666,
          0.6666666666666666,
          0.3333333333333333,
          0.6666666666666666,
          0.6666666666666666,
          0.6666666666666666,
          1.0,
          0.6666666666666666,
          1.0,
          0.6666666666666666,
          0.6666666666666666,
          1.0,
          0.6666666666666666,
          0.6666666666666666,
          0.6666666666666666,
          0.6666666666666666,
          0.3333333333333333,
          0.6666666666666666,
          0.6666666666666666,
          0.6666666666666666,
          1.0,
          0.6666666666666666,
          0.6666666666666666,
          1.0,
          0.3333333333333333,
          0.6666666666666666,
          0.6666666666666666,
          1.0,
          0.6666666666666666,
          0.3333333333333333,
          0.3333333333333333,
          1.0,
          1.0,
          0.6666666666666666,
          0.6666666666666666,
          0.6666666666666666,
          0.6666666666666666,
          1.0,
          0.6666666666666666,
          0.6666666666666666,
          0.6666666666666666,
          1.0,
          0.6666666666666666,
          0.3333333333333333,
          1.0,
          0.6666666666666666,
          1.0,
          1.0,
          0.6666666666666666,
          1.0,
          0.6666666666666666,
          0.3333333333333333,
          1.0,
          0.6666666666666666,
          1.0,
          1.0,
          0.6666666666666666,
          0.6666666666666666,
          0.6666666666666666,
          0.6666666666666666,
          0.6666666666666666,
          1.0,
          1.0,
          0.6666666666666666,
          0.6666666666666666,
          1.0,
          1.0,
          0.6666666666666666,
          0.6666666666666666
        ]
      },
      "baseline": {
        "mean": 0.9266666666666666,
        "ci_lo": 0.8966666666666667,
        "ci_hi": 0.9533333333333333
      },
      "no_trace": {
        "mean": 0.1
      }
    },
    "5": {
      "cross_context": {
        "mean": 0.674,
        "ci_lo": 0.6459999999999998,
        "ci_hi": 0.7019999999999998,
        "per_episode": [
          0.4,
          0.6,
          0.6,
          0.6,
          0.6,
          0.8,
          0.8,
          0.8,
          0.6,
          0.8,
          0.8,
          0.8,
          0.4,
          0.4,
          0.8,
          0.4,
          0.6,
          0.6,
          0.8,
          0.6,
          0.8,
          0.6,
          0.6,
          1.0,
          0.6,
          0.6,
          0.6,
          0.8,
          1.0,
          0.6,
          0.6,
          0.6,
          0.8,
          0.6,
          0.8,
          0.8,
          1.0,
          0.8,
          0.6,
          0.4,
          0.6,
          0.8,
          0.6,
          0.6,
          0.6,
          0.6,
          0.8,
          0.8,
          0.8,
          0.8,
          0.6,
          0.8,
          0.6,
          0.8,
          0.4,
          0.8,
          0.6,
          0.6,
          0.6,
          0.6,
          0.8,
          0.8,
          0.6,
          0.6,
          0.8,
          0.6,
          0.8,
          1.0,
          0.4,
          0.4,
          0.6,
          0.8,
          0.8,
          0.8,
          0.6,
          0.6,
          0.6,
          0.6,
          1.0,
          0.8,
          0.4,
          0.6,
          0.6,
          0.8,
          0.6,
          0.8,
          0.6,
          0.8,
          0.8,
          0.8,
          0.6,
          0.6,
          0.4,
          0.6,
          0.6,
          0.6,
          0.6,
          0.6,
          0.8,
          0.8
        ]
      },
      "baseline": {
        "mean": 0.936,
        "ci_lo": 0.912,
        "ci_hi": 0.9560000000000001
      },
      "no_trace": {
        "mean": 0.108
      }
    }
  }
}